ID,TrialType,PayoutDistNum,BlockNum,contextOrder,reward_rate_red,reward_rate_white,reward_rate_black,probe_order,QuizFailedNum,TimeElapsed,key_press,RT,context,reward_prob_red,reward_prob_white,reward_prob_black,choice,probe,reward,confidence,TimeInBlock,Bonus
5107,InitializeStudy,3,,"['coral_beach', 'coral_beach', 'coral_beach', 'coral_beach', 'coral_beach', 'coral_beach', 'coral_beach', 'coral_beach', 'coral_beach', 'coral_beach', 'coral_beach', 'coral_beach', 'coral_beach', 'coral_beach', 'coral_beach', 'coral_beach', 'coral_beach', 'coral_beach', 'coral_beach', 'coral_beach', 'coral_beach', 'coral_beach', 'coral_beach', 'coral_beach', 'coral_beach', 'coral_beach', 'coral_beach', 'coral_beach', 'coral_beach', 'coral_beach', 'sunleaf_forest', 'sunleaf_forest', 'sunleaf_forest', 'sunleaf_forest', 'sunleaf_forest', 'sunleaf_forest', 'sunleaf_forest', 'sunleaf_forest', 'sunleaf_forest', 'sunleaf_forest', 'sunleaf_forest', 'sunleaf_forest', 'sunleaf_forest', 'sunleaf_forest', 'sunleaf_forest', 'sunleaf_forest', 'sunleaf_forest', 'sunleaf_forest', 'sunleaf_forest', 'sunleaf_forest', 'sunleaf_forest', 'sunleaf_forest', 'sunleaf_forest', 'sunleaf_forest', 'sunleaf_forest', 'sunleaf_forest', 'sunleaf_forest', 'sunleaf_forest', 'sunleaf_forest', 'sunleaf_forest', 'icecap_mountain', 'icecap_mountain', 'icecap_mountain', 'icecap_mountain', 'icecap_mountain', 'icecap_mountain', 'icecap_mountain', 'icecap_mountain', 'icecap_mountain', 'icecap_mountain', 'icecap_mountain', 'icecap_mountain', 'icecap_mountain', 'icecap_mountain', 'icecap_mountain', 'icecap_mountain', 'icecap_mountain', 'icecap_mountain', 'icecap_mountain', 'icecap_mountain', 'icecap_mountain', 'icecap_mountain', 'icecap_mountain', 'icecap_mountain', 'icecap_mountain', 'icecap_mountain', 'icecap_mountain', 'icecap_mountain', 'icecap_mountain', 'icecap_mountain', 'driftwood_beach', 'driftwood_beach', 'driftwood_beach', 'driftwood_beach', 'driftwood_beach', 'driftwood_beach', 'driftwood_beach', 'driftwood_beach', 'driftwood_beach', 'driftwood_beach', 'driftwood_beach', 'driftwood_beach', 'driftwood_beach', 'driftwood_beach', 'driftwood_beach', 'driftwood_beach', 'driftwood_beach', 'driftwood_beach', 'driftwood_beach', 'driftwood_beach', 'driftwood_beach', 'driftwood_beach', 'driftwood_beach', 'driftwood_beach', 'driftwood_beach', 'driftwood_beach', 'driftwood_beach', 'driftwood_beach', 'driftwood_beach', 'driftwood_beach', 'stonepine_forest', 'stonepine_forest', 'stonepine_forest', 'stonepine_forest', 'stonepine_forest', 'stonepine_forest', 'stonepine_forest', 'stonepine_forest', 'stonepine_forest', 'stonepine_forest', 'stonepine_forest', 'stonepine_forest', 'stonepine_forest', 'stonepine_forest', 'stonepine_forest', 'stonepine_forest', 'stonepine_forest', 'stonepine_forest', 'stonepine_forest', 'stonepine_forest', 'stonepine_forest', 'stonepine_forest', 'stonepine_forest', 'stonepine_forest', 'stonepine_forest', 'stonepine_forest', 'stonepine_forest', 'stonepine_forest', 'stonepine_forest', 'stonepine_forest', 'greenrock_mountain', 'greenrock_mountain', 'greenrock_mountain', 'greenrock_mountain', 'greenrock_mountain', 'greenrock_mountain', 'greenrock_mountain', 'greenrock_mountain', 'greenrock_mountain', 'greenrock_mountain', 'greenrock_mountain', 'greenrock_mountain', 'greenrock_mountain', 'greenrock_mountain', 'greenrock_mountain', 'greenrock_mountain', 'greenrock_mountain', 'greenrock_mountain', 'greenrock_mountain', 'greenrock_mountain', 'greenrock_mountain', 'greenrock_mountain', 'greenrock_mountain', 'greenrock_mountain', 'greenrock_mountain', 'greenrock_mountain', 'greenrock_mountain', 'greenrock_mountain', 'greenrock_mountain', 'greenrock_mountain']","[0.3, 0.262, 0.393, 0.34, 0.275, 0.317, 0.319, 0.243, 0.234, 0.249, 0.261, 0.334, 0.251, 0.169, 0.316, 0.292, 0.192, 0.146, 0.144, 0.133, 0.204, 0.176, 0.324, 0.414, 0.47, 0.373, 0.319, 0.185, 0.234, 0.391, 0.446, 0.539, 0.532, 0.297, 0.312, 0.363, 0.38, 0.484, 0.346, 0.333, 0.144, 0.159, 0.062, 0.129, 0.163, 0.121, 0.054, 0.074, 0.104, 0.071, 0.077, 0.064, 0.124, 0.059, 0.058, 0.055, 0.081, 0.052, 0.079, 0.055, 0.078, 0.092, 0.057, 0.172, 0.178, 0.163, 0.183, 0.329, 0.26, 0.243, 0.463, 0.494, 0.487, 0.704, 0.603, 0.535, 0.472, 0.438, 0.538, 0.607, 0.624, 0.625, 0.742, 0.607, 0.492, 0.656, 0.686, 0.63, 0.645, 0.586, 0.633, 0.571, 0.601, 0.535, 0.602, 0.559, 0.569, 0.507, 0.444, 0.513, 0.369, 0.262, 0.152, 0.141, 0.164, 0.079, 0.076, 0.121, 0.239, 0.126, 0.055, 0.191, 0.17, 0.078, 0.062, 0.168, 0.069, 0.093, 0.169, 0.073, 0.146, 0.186, 0.14, 0.247, 0.214, 0.211, 0.208, 0.077, 0.128, 0.234, 0.389, 0.495, 0.475, 0.561, 0.694, 0.755, 0.75, 0.711, 0.615, 0.525, 0.572, 0.472, 0.538, 0.535, 0.637, 0.661, 0.508, 0.52, 0.647, 0.568, 0.517, 0.591, 0.501, 0.533, 0.643, 0.753, 0.639, 0.464, 0.531, 0.511, 0.481, 0.361, 0.151, 0.226, 0.217, 0.266, 0.224, 0.222, 0.294, 0.319, 0.44, 0.345, 0.305, 0.191, 0.283, 0.215, 0.291, 0.228, 0.229, 0.368, 0.338, 0.308, 0.26, 0.392, 0.313, 0.317, 0.324, 0.483, 0.21, 0.319, 0.249, 0.198, 0.143, 0.081, 0.077, 0.201, 0.086, 0.158, 0.249, 0.185, 0.23, 0.074, 0.159, 0.103, 0.095, 0.062, 0.195, 0.17, 0.168, 0.218, 0.191, 0.286, 0.371, 0.229, 0.214, 0.188, 0.116, 0.185, 0.238, 0.096, 0.076, 0.12, 0.329, 0.211, 0.236, 0.36, 0.334, 0.262, 0.316, 0.382, 0.408, 0.39, 0.232, 0.406, 0.332, 0.258, 0.377, 0.262, 0.35, 0.471, 0.295, 0.249, 0.35, 0.392, 0.34, 0.334, 0.413, 0.352, 0.442, 0.469, 0.52, 0.535, 0.379, 0.5, 0.555, 0.643, 0.69, 0.661, 0.58, 0.519, 0.549, 0.623, 0.635, 0.618, 0.773, 0.649, 0.643, 0.586, 0.576, 0.565, 0.464, 0.54, 0.512, 0.457, 0.606, 0.76, 0.757, 0.686, 0.628, 0.651, 0.342, 0.391, 0.319, 0.215, 0.156, 0.153, 0.108, 0.125, 0.082, 0.193, 0.107, 0.081, 0.235, 0.132, 0.106, 0.115, 0.13, 0.093, 0.322, 0.211, 0.197, 0.251, 0.257, 0.172, 0.076, 0.052, 0.086, 0.159, 0.052, 0.181]","[0.6, 0.569, 0.617, 0.635, 0.668, 0.516, 0.563, 0.673, 0.706, 0.677, 0.449, 0.31, 0.158, 0.209, 0.33, 0.334, 0.327, 0.21, 0.311, 0.128, 0.118, 0.185, 0.232, 0.146, 0.239, 0.183, 0.111, 0.079, 0.119, 0.123, 0.082, 0.096, 0.162, 0.245, 0.21, 0.167, 0.184, 0.079, 0.071, 0.173, 0.361, 0.529, 0.548, 0.529, 0.556, 0.554, 0.594, 0.497, 0.596, 0.599, 0.56, 0.583, 0.545, 0.713, 0.696, 0.599, 0.741, 0.675, 0.691, 0.501, 0.539, 0.607, 0.553, 0.517, 0.557, 0.605, 0.552, 0.511, 0.519, 0.644, 0.394, 0.219, 0.088, 0.069, 0.192, 0.222, 0.216, 0.132, 0.079, 0.167, 0.122, 0.181, 0.056, 0.065, 0.056, 0.067, 0.061, 0.144, 0.148, 0.139, 0.11, 0.106, 0.146, 0.188, 0.05, 0.198, 0.296, 0.086, 0.081, 0.118, 0.264, 0.369, 0.321, 0.104, 0.303, 0.302, 0.295, 0.247, 0.328, 0.4, 0.424, 0.394, 0.34, 0.452, 0.349, 0.225, 0.149, 0.311, 0.313, 0.388, 0.303, 0.359, 0.41, 0.419, 0.339, 0.345, 0.179, 0.177, 0.224, 0.323, 0.168, 0.142, 0.136, 0.144, 0.153, 0.233, 0.28, 0.25, 0.175, 0.149, 0.181, 0.206, 0.195, 0.167, 0.288, 0.176, 0.221, 0.149, 0.06, 0.222, 0.1, 0.209, 0.263, 0.202, 0.209, 0.194, 0.052, 0.077, 0.172, 0.151, 0.361, 0.458, 0.565, 0.502, 0.647, 0.51, 0.438, 0.59, 0.788, 0.776, 0.652, 0.74, 0.634, 0.516, 0.602, 0.629, 0.676, 0.681, 0.662, 0.646, 0.806, 0.802, 0.792, 0.714, 0.708, 0.638, 0.618, 0.61, 0.671, 0.601, 0.374, 0.282, 0.359, 0.34, 0.332, 0.247, 0.313, 0.411, 0.379, 0.333, 0.231, 0.142, 0.275, 0.428, 0.367, 0.268, 0.254, 0.396, 0.257, 0.23, 0.315, 0.309, 0.279, 0.232, 0.263, 0.173, 0.169, 0.131, 0.231, 0.319, 0.444, 0.421, 0.333, 0.419, 0.486, 0.481, 0.692, 0.671, 0.742, 0.669, 0.688, 0.637, 0.501, 0.568, 0.527, 0.642, 0.607, 0.672, 0.66, 0.725, 0.788, 0.776, 0.758, 0.615, 0.696, 0.71, 0.467, 0.461, 0.397, 0.504, 0.148, 0.073, 0.11, 0.082, 0.154, 0.21, 0.148, 0.077, 0.201, 0.1, 0.124, 0.149, 0.28, 0.29, 0.053, 0.076, 0.253, 0.069, 0.106, 0.073, 0.224, 0.239, 0.303, 0.326, 0.229, 0.229, 0.064, 0.225, 0.338, 0.361, 0.245, 0.226, 0.283, 0.282, 0.396, 0.36, 0.437, 0.379, 0.315, 0.348, 0.302, 0.232, 0.352, 0.404, 0.245, 0.253, 0.338, 0.356, 0.422, 0.379, 0.292, 0.216, 0.169, 0.216, 0.274, 0.228, 0.25, 0.414, 0.299, 0.497]","[0.1, 0.126, 0.162, 0.132, 0.205, 0.295, 0.059, 0.093, 0.152, 0.057, 0.346, 0.434, 0.568, 0.487, 0.665, 0.565, 0.521, 0.537, 0.485, 0.513, 0.575, 0.616, 0.579, 0.674, 0.679, 0.644, 0.601, 0.46, 0.701, 0.712, 0.646, 0.483, 0.431, 0.482, 0.556, 0.577, 0.66, 0.588, 0.662, 0.755, 0.669, 0.526, 0.531, 0.379, 0.367, 0.448, 0.296, 0.363, 0.416, 0.325, 0.379, 0.437, 0.339, 0.478, 0.245, 0.174, 0.116, 0.357, 0.355, 0.237, 0.256, 0.271, 0.327, 0.152, 0.386, 0.419, 0.451, 0.343, 0.448, 0.449, 0.437, 0.595, 0.476, 0.42, 0.342, 0.307, 0.307, 0.15, 0.123, 0.102, 0.258, 0.3, 0.369, 0.311, 0.288, 0.213, 0.137, 0.212, 0.239, 0.237, 0.329, 0.408, 0.476, 0.438, 0.448, 0.376, 0.346, 0.369, 0.365, 0.342, 0.482, 0.47, 0.474, 0.497, 0.401, 0.439, 0.469, 0.513, 0.637, 0.607, 0.683, 0.709, 0.585, 0.572, 0.653, 0.779, 0.641, 0.55, 0.481, 0.596, 0.814, 0.754, 0.923, 0.913, 0.831, 0.654, 0.508, 0.598, 0.526, 0.562, 0.58, 0.275, 0.268, 0.252, 0.314, 0.263, 0.29, 0.262, 0.296, 0.433, 0.262, 0.384, 0.483, 0.492, 0.344, 0.158, 0.153, 0.177, 0.172, 0.175, 0.311, 0.361, 0.567, 0.419, 0.304, 0.505, 0.387, 0.496, 0.433, 0.276, 0.19, 0.086, 0.138, 0.168, 0.176, 0.175, 0.12, 0.092, 0.135, 0.082, 0.123, 0.071, 0.1, 0.092, 0.063, 0.156, 0.206, 0.202, 0.089, 0.06, 0.071, 0.108, 0.056, 0.247, 0.126, 0.114, 0.096, 0.134, 0.118, 0.055, 0.187, 0.19, 0.337, 0.477, 0.538, 0.57, 0.546, 0.462, 0.485, 0.573, 0.372, 0.504, 0.496, 0.56, 0.692, 0.885, 0.778, 0.693, 0.806, 0.797, 0.758, 0.924, 0.895, 0.928, 0.589, 0.57, 0.58, 0.513, 0.685, 0.561, 0.385, 0.487, 0.401, 0.276, 0.23, 0.258, 0.122, 0.075, 0.124, 0.093, 0.054, 0.123, 0.107, 0.1, 0.078, 0.188, 0.221, 0.284, 0.247, 0.271, 0.259, 0.478, 0.501, 0.336, 0.327, 0.207, 0.092, 0.052, 0.199, 0.224, 0.363, 0.331, 0.225, 0.2, 0.319, 0.277, 0.159, 0.175, 0.341, 0.475, 0.393, 0.24, 0.361, 0.458, 0.526, 0.417, 0.36, 0.366, 0.472, 0.414, 0.439, 0.424, 0.487, 0.4, 0.377, 0.268, 0.158, 0.193, 0.187, 0.202, 0.265, 0.467, 0.363, 0.388, 0.475, 0.555, 0.673, 0.663, 0.633, 0.473, 0.539, 0.547, 0.467, 0.546, 0.578, 0.537, 0.658, 0.617, 0.666, 0.623, 0.689, 0.726, 0.711, 0.696, 0.561, 0.566, 0.531, 0.499, 0.576, 0.681]","['129', '163', '100', '15', '108', '110', '156', '47', '126', '112', '93', '10', '175', '44', '81', '20', '19', '41', '169', '37', '39', '79', '38', '95', '85', '103', '117', '18', '63', '96', '64', '40', '136', '75', '168', '54', '140', '137', '123', '145', '73', '61', '157', '01', '30', '34', '83', '109', '177', '139', '89', '52', '165', '78', '170', '167', '17', '68', '32', '65', '176', '106', '180', '05', '24', '152', '21', '56', '55', '42', '113', '97', '158', '143', '162', '154', '101', '102', '122', '118', '31', '149', '48', '130', '66', '11', '114', '160', '71', '121', '74', '174', '28', '04', '111', '50', '171', '70', '132', '142', '124', '59', '134', '144', '36', '29', '90', '13', '60', '80', '09', '43', '14', '67', '138', '82', '115', '88', '125', '135', '86', '08', '104', '49', '91', '27', '155', '98', '178', '94', '35', '06', '133', '172', '33', '173', '76', '147', '87', '57', '120', '119', '46', '12', '153', '99', '131', '161', '25', '150', '62', '26', '51', '107', '159', '92', '179', '58', '116', '77', '141', '127', '45', '03', '148', '02', '166', '105', '22', '164', '53', '84', '72', '23', '146', '69', '07', '151', '128', '16']",,0.011899124999899868,,,,,,,,,,,,
,Instruction_1,,,,,,,,,33.40078341666663,,,,,,,,,,,,
,Instruction_2,,,,,,,,,44.93032849999986,,,,,,,,,,,,
,Instruction_3,,,,,,,,,67.81136658333344,,,,,,,,,,,,
,Instruction_4,,,,,,,,,79.09340129166662,,,,,,,,,,,,
,Instruction_5,,,,,,,,,99.32600216666674,,,,,,,,,,,,
,Instruction_6,,,,,,,,,101.91252387500003,,,,,,,,,,,,
,Instruction_7,,,,,,,,,103.72578362499985,,,,,,,,,,,,
,Instruction_8,,,,,,,,,105.490551375,,,,,,,,,,,,
,Instruction_9,,,,,,,,,107.2854734583334,,,,,,,,,,,,
,Instruction_10,,,,,,,,,109.0774629583334,,,,,,,,,,,,
,Instruction_11,,,,,,,,,110.8683573333335,,,,,,,,,,,,
,Instruction_12,,,,,,,,,112.66221658333347,,,,,,,,,,,,
,Instruction_13,,,,,,,,,114.68374249999988,,,,,,,,,,,,
,Instruction_14,,,,,,,,,116.50316020833338,,,,,,,,,,,,
,Instruction_15,,,,,,,,,120.6982487083335,,,,,,,,,,,,
,Instruction_16,,,,,,,,,129.9386730416668,,,,,,,,,,,,
,Instruction_17,,,,,,,,,132.37061458333346,,,,,,,,,,,,
,Instruction_18,,,,,,,,,139.46375937499988,,,,,,,,,,,,
,Instruction_19,,,,,,,,,175.66883387500002,,,,,,,,,,,,
,Instruction_20,,,,,,,,,187.16840370833347,,,,,,,,,,,,
,Instruction_21,,,,,,,,,207.9382002916666,,,,,,,,,,,,
,Instruction_22,,,,,,,,,223.5432777916667,,,,,,,,,,,,
,practice_pirate_1,,,,,,,,,233.0962576249999,1,0.9556593333334149,desert,,,,,probes/probes-256.png,../run_exp/static/images/rewards/reward.png,,,
,practice_pirate_2,,,,,,,,,240.02980833333345,2,1.3822052083335166,desert,,,,,probes/probes-257.png,../run_exp/static/images/rewards/reward.png,,,
,practice_pirate_3,,,,,,,,,246.63830458333337,3,1.0528147916668331,desert,,,,,probes/probes-258.png,../run_exp/static/images/rewards/reward.png,,,
,practice_pirate_4,,,,,,,,,253.21636879166658,1,1.0227268333333086,desert,,,,,probes/probes-259.png,../run_exp/static/images/rewards/reward_no.png,,,
,practice_pirate_5,,,,,,,,,259.31492287499987,2,0.5916025000001355,desert,,,,,probes/probes-260.png,../run_exp/static/images/rewards/reward_no.png,,,
,new_island,,,,,,,,,269.8098011666666,,,,,,,,,,,,
,practice_pirate_6,,,,,,,,,279.2708418333334,1,0.8793693333332158,cavern,,,,,probes/probes-261.png,../run_exp/static/images/rewards/reward.png,,,
,practice_pirate_7,,,,,,,,,285.4698891666667,2,0.6710288333333665,cavern,,,,,probes/probes-262.png,../run_exp/static/images/rewards/reward_no.png,,,
,practice_pirate_8,,,,,,,,,291.861817125,1,0.8753602083334044,cavern,,,,,probes/probes-263.png,../run_exp/static/images/rewards/reward.png,,,
,practice_pirate_9,,,,,,,,,297.9718755416666,1,0.5951135416669331,cavern,,,,,probes/probes-264.png,../run_exp/static/images/rewards/reward_no.png,,,
,practice_pirate_10,,,,,,,,,304.2175273749999,1,0.7194147916663951,cavern,,,,,probes/probes-265.png,../run_exp/static/images/rewards/reward.png,,,
,Instruction_23,,,,,,,,,309.61993604166673,,,,,,,,,,,,
,practce_best_pirate,,,,,,,,0,309.6199543749999,1,,,,,,,,,,,
,Instruction_24,,,,,,,,,313.9055485833335,,,,,,,,,,,,
,practice_source_memory,,,,,,,,0,313.9055644583334,2,,,,,,,,,,,
,Instruction_25,,,,,,,,,318.8855495,,,,,,,,,,,,
,Instruction_26,,,,,,,,,324.59400854166665,,,,,,,,,,,,
,Instruction_27,,,,,,,,,330.4407898333334,,,,,,,,,,,,
,Instruction_28,,,,,,,,,336.8685464583334,,,,,,,,,,,,
,Instruction_29,,,,,,,,,341.9111010833335,,,,,,,,,,,,
,quiz_complete,,,,,,,,0,341.9111142083334,,,,,,,,,,,,
,Instruction_30,,,,,,,,,357.57409362499993,,,,,,,,,,,,
,pirate_1,,,,,,,,,367.07325549999996,1,1.017165708333323,coral_beach,0.3,0.6,0.1,red_pirate,../run_exp/static/images/probes/probes-129.png,0,,6.387112749999915,
,pirate_2,,,,,,,,,373.20817533333343,2,0.6900372083332513,coral_beach,0.262,0.569,0.126,white_pirate,../run_exp/static/images/probes/probes-163.png,0,,6.063756875000081,
,pirate_3,,,,,,,,,379.7900407499999,3,1.140450249999958,coral_beach,0.393,0.617,0.162,black_pirate,../run_exp/static/images/probes/probes-100.png,0,,6.511599208333109,
,pirate_4,,,,,,,,,385.78388045833344,1,0.5496092083333224,coral_beach,0.34,0.635,0.132,red_pirate,../run_exp/static/images/probes/probes-15.png,1,,5.92264983333348,
,pirate_5,,,,,,,,,392.1092824166667,1,0.8799866666665821,coral_beach,0.275,0.668,0.205,red_pirate,../run_exp/static/images/probes/probes-108.png,0,,6.253527249999934,
,pirate_6,,,,,,,,,399.22175933333347,1,1.6684878749999825,coral_beach,0.317,0.516,0.295,red_pirate,../run_exp/static/images/probes/probes-110.png,0,,7.039674208333508,
,pirate_7,,,,,,,,,405.00992029166673,2,0.341431458333318,coral_beach,0.319,0.563,0.059,white_pirate,../run_exp/static/images/probes/probes-156.png,0,,5.714827541666864,
,pirate_8,,,,,,,,,411.0546580833334,2,0.5958325000001423,coral_beach,0.243,0.673,0.093,white_pirate,../run_exp/static/images/probes/probes-47.png,1,,5.971159541666793,
,pirate_9,,,,,,,,,417.16326395833335,2,0.6549004583334863,coral_beach,0.234,0.706,0.152,white_pirate,../run_exp/static/images/probes/probes-126.png,1,,6.033886958333369,
,pirate_10,,,,,,,,,423.33864479166664,2,0.7273305833332415,coral_beach,0.249,0.677,0.057,white_pirate,../run_exp/static/images/probes/probes-112.png,1,,6.100137958333107,
,pirate_11,,,,,,,,,429.4313025416666,2,0.6455322499998601,coral_beach,0.261,0.449,0.346,white_pirate,../run_exp/static/images/probes/probes-93.png,0,,6.01689116666671,
,pirate_12,,,,,,,,,435.43277666666677,2,0.5470175000000381,coral_beach,0.334,0.31,0.434,white_pirate,../run_exp/static/images/probes/probes-10.png,1,,5.925089791666778,
,pirate_13,,,,,,,,,441.3638012499998,2,0.4818464166667127,coral_beach,0.251,0.158,0.568,white_pirate,../run_exp/static/images/probes/probes-175.png,0,,5.8541553750001185,
,pirate_14,,,,,,,,,447.2754228333333,3,0.41420862500012845,coral_beach,0.169,0.209,0.487,black_pirate,../run_exp/static/images/probes/probes-44.png,1,,5.8011979166667516,
,pirate_15,,,,,,,,,453.1676124999999,3,0.4386269166666352,coral_beach,0.316,0.33,0.665,black_pirate,../run_exp/static/images/probes/probes-81.png,0,,5.818078999999898,
,pirate_16,,,,,,,,,459.0298014583334,3,0.40700133333348276,coral_beach,0.292,0.334,0.565,black_pirate,../run_exp/static/images/probes/probes-20.png,0,,5.781106499999851,
,pirate_17,,,,,,,,,465.086386875,2,0.5978176666667423,coral_beach,0.192,0.327,0.521,white_pirate,../run_exp/static/images/probes/probes-19.png,1,,5.9747819166668705,
,pirate_18,,,,,,,,,470.9558721249998,2,0.41947120833356166,coral_beach,0.146,0.21,0.537,white_pirate,../run_exp/static/images/probes/probes-41.png,0,,5.788867583333285,
,pirate_19,,,,,,,,,476.73865908333346,2,0.3358035416667917,coral_beach,0.144,0.311,0.485,white_pirate,../run_exp/static/images/probes/probes-169.png,0,,5.701168833333213,
,pirate_20,,,,,,,,,482.5790372499998,3,0.3811637083331334,coral_beach,0.133,0.128,0.513,black_pirate,../run_exp/static/images/probes/probes-37.png,0,,5.759086625000009,
,pirate_21,,,,,,,,,488.63287195833345,2,0.6004871666666531,coral_beach,0.204,0.118,0.575,white_pirate,../run_exp/static/images/probes/probes-39.png,0,,5.970586916666434,
,pirate_22,,,,,,,,,494.4300223749999,1,0.3410874999999578,coral_beach,0.176,0.185,0.616,red_pirate,../run_exp/static/images/probes/probes-79.png,0,,5.714252083333122,
,pirate_23,,,,,,,,,500.26783924999995,2,0.3742946249999477,coral_beach,0.324,0.232,0.579,white_pirate,../run_exp/static/images/probes/probes-38.png,1,,5.753438958333163,
,pirate_24,,,,,,,,,506.26245591666657,2,0.5362255416669086,coral_beach,0.414,0.146,0.674,white_pirate,../run_exp/static/images/probes/probes-95.png,0,,5.910042916666725,
,pirate_25,,,,,,,,,512.2495588749998,3,0.5225072083333089,coral_beach,0.47,0.239,0.679,black_pirate,../run_exp/static/images/probes/probes-85.png,1,,5.902769458333523,
,pirate_26,,,,,,,,,518.1156848333335,3,0.3988919583334791,coral_beach,0.373,0.183,0.644,black_pirate,../run_exp/static/images/probes/probes-103.png,1,,5.780379374999939,
,pirate_27,,,,,,,,,524.2407079583334,3,0.6589906249998876,coral_beach,0.319,0.111,0.601,black_pirate,../run_exp/static/images/probes/probes-117.png,1,,6.038686333333544,
,pirate_28,,,,,,,,,530.1815009166667,3,0.482531875000177,coral_beach,0.185,0.079,0.46,black_pirate,../run_exp/static/images/probes/probes-18.png,0,,5.8531132499999785,
,pirate_29,,,,,,,,,536.0455193333335,3,0.37057562500012864,coral_beach,0.234,0.119,0.701,black_pirate,../run_exp/static/images/probes/probes-63.png,1,,5.749340958333505,
,pirate_30,,,,,,,,,541.9778571666666,3,0.46843504166668026,coral_beach,0.391,0.123,0.712,black_pirate,../run_exp/static/images/probes/probes-96.png,1,,5.844629124999983,
,Instruction_31,,,,,,,,,590.0160638749999,,,,,,,,,,,,
,take_break,,,,,,,,,590.0160806666668,,,,,,,,,,,53.88284812500001,
,new_island,,,,,,,,,597.4602172499999,,,,,,,,,,,,
,pirate_31,,,,,,,,,607.3791806666666,2,1.457088208333289,sunleaf_forest,0.446,0.082,0.646,white_pirate,../run_exp/static/images/probes/probes-64.png,1,,6.841339791666769,
,pirate_32,,,,,,,,,613.7051374166667,2,0.8524716249999074,sunleaf_forest,0.539,0.096,0.483,white_pirate,../run_exp/static/images/probes/probes-40.png,1,,6.231845416666829,
,pirate_33,,,,,,,,,619.4763541666666,2,0.30665741666643953,sunleaf_forest,0.532,0.162,0.431,white_pirate,../run_exp/static/images/probes/probes-136.png,0,,5.67721258333313,
,pirate_34,,,,,,,,,625.7617874166667,2,0.826716124999848,sunleaf_forest,0.297,0.245,0.482,white_pirate,../run_exp/static/images/probes/probes-75.png,0,,6.192466666666633,
,pirate_35,,,,,,,,,631.9713398333333,3,0.742573416666346,sunleaf_forest,0.312,0.21,0.556,black_pirate,../run_exp/static/images/probes/probes-168.png,1,,6.114852750000182,
,pirate_36,,,,,,,,,637.95283475,3,0.5231102916668533,sunleaf_forest,0.363,0.167,0.577,black_pirate,../run_exp/static/images/probes/probes-54.png,0,,5.887095125000087,
,pirate_37,,,,,,,,,643.8355072916668,3,0.4159916250000606,sunleaf_forest,0.38,0.184,0.66,black_pirate,../run_exp/static/images/probes/probes-140.png,0,,5.7879680416667725,
,pirate_38,,,,,,,,,649.980106125,1,0.6410364166667932,sunleaf_forest,0.484,0.079,0.588,red_pirate,../run_exp/static/images/probes/probes-137.png,0,,6.021397041666432,
,pirate_39,,,,,,,,,656.1036657083334,1,0.647021999999879,sunleaf_forest,0.346,0.071,0.662,red_pirate,../run_exp/static/images/probes/probes-123.png,1,,6.026631375000079,
,pirate_40,,,,,,,,,662.0921208333334,1,0.5190328750002209,sunleaf_forest,0.333,0.173,0.755,red_pirate,../run_exp/static/images/probes/probes-145.png,0,,5.891764791666674,
,pirate_41,,,,,,,,,668.337558875,1,0.7629711250001492,sunleaf_forest,0.144,0.361,0.669,red_pirate,../run_exp/static/images/probes/probes-73.png,1,,6.142623041666411,
,pirate_42,,,,,,,,,674.4332635833334,1,0.6233214583332938,sunleaf_forest,0.159,0.529,0.526,red_pirate,../run_exp/static/images/probes/probes-61.png,0,,5.996193916666698,
,pirate_43,,,,,,,,,680.4099950833333,2,0.49940108333339595,sunleaf_forest,0.062,0.548,0.531,white_pirate,../run_exp/static/images/probes/probes-157.png,0,,5.876094791666901,
,pirate_44,,,,,,,,,686.4210953333334,2,0.5381192916665896,sunleaf_forest,0.129,0.529,0.379,white_pirate,../run_exp/static/images/probes/probes-01.png,0,,5.9087606250000135,
,pirate_45,,,,,,,,,692.4169439583334,3,0.5238990000000285,sunleaf_forest,0.163,0.556,0.367,black_pirate,../run_exp/static/images/probes/probes-30.png,0,,5.8946220416667074,
,pirate_46,,,,,,,,,698.27821025,1,0.3854622083333652,sunleaf_forest,0.121,0.554,0.448,red_pirate,../run_exp/static/images/probes/probes-34.png,0,,5.759649583333385,
,pirate_47,,,,,,,,,704.1715775,2,0.37461354166680394,sunleaf_forest,0.054,0.594,0.296,white_pirate,../run_exp/static/images/probes/probes-83.png,1,,5.76356704166642,
,pirate_48,,,,,,,,,709.9476470416666,2,0.2883639166664125,sunleaf_forest,0.074,0.497,0.363,white_pirate,../run_exp/static/images/probes/probes-109.png,1,,5.673279374999993,
,pirate_49,,,,,,,,,716.1345840833335,2,0.7128671666664559,sunleaf_forest,0.104,0.596,0.416,white_pirate,../run_exp/static/images/probes/probes-177.png,0,,6.081727250000085,
,pirate_50,,,,,,,,,722.2084032916666,2,0.5916678749999846,sunleaf_forest,0.071,0.599,0.325,white_pirate,../run_exp/static/images/probes/probes-139.png,1,,5.967769416666897,
,pirate_51,,,,,,,,,728.2552647083335,2,0.5686405833334902,sunleaf_forest,0.077,0.56,0.379,white_pirate,../run_exp/static/images/probes/probes-89.png,0,,5.941585249999889,
,pirate_52,,,,,,,,,734.6986494999999,1,0.9701962499998444,sunleaf_forest,0.064,0.583,0.437,red_pirate,../run_exp/static/images/probes/probes-52.png,0,,6.3396439166663185,
,pirate_53,,,,,,,,,740.7317221666667,1,0.5642435833333366,sunleaf_forest,0.124,0.545,0.339,red_pirate,../run_exp/static/images/probes/probes-165.png,0,,5.92678720833328,
,pirate_54,,,,,,,,,746.5268677916667,3,0.3181517083332892,sunleaf_forest,0.059,0.713,0.478,black_pirate,../run_exp/static/images/probes/probes-78.png,0,,5.686990666666816,
,pirate_55,,,,,,,,,752.5331848333335,3,0.5039722500000607,sunleaf_forest,0.058,0.696,0.245,black_pirate,../run_exp/static/images/probes/probes-170.png,0,,5.871379083333522,
,pirate_56,,,,,,,,,758.8691661666667,2,0.8567785000000185,sunleaf_forest,0.055,0.599,0.174,white_pirate,../run_exp/static/images/probes/probes-167.png,0,,6.225734000000102,
,pirate_57,,,,,,,,,764.8097608333335,3,0.4648776250000992,sunleaf_forest,0.081,0.741,0.116,black_pirate,../run_exp/static/images/probes/probes-17.png,0,,5.832408250000071,
,pirate_58,,,,,,,,,770.4226472916666,1,0.13466812500018932,sunleaf_forest,0.052,0.675,0.357,red_pirate,../run_exp/static/images/probes/probes-68.png,0,,5.504481208333118,
,pirate_59,,,,,,,,,776.4144153333334,2,0.5069227916665113,sunleaf_forest,0.079,0.691,0.355,white_pirate,../run_exp/static/images/probes/probes-32.png,1,,5.883514791666812,
,pirate_60,,,,,,,,,782.6529608333335,2,0.7421612916666618,sunleaf_forest,0.055,0.501,0.237,white_pirate,../run_exp/static/images/probes/probes-65.png,1,,6.12446883333314,
,Instruction_32,,,,,,,,,786.9668897499998,,,,,,,,,,,,
,take_break,,,,,,,,,786.9669062083335,,,,,,,,,,,10.438410750000003,
,new_island,,,,,,,,,794.4122992083335,,,,,,,,,,,,
,pirate_61,,,,,,,,,804.1615916666667,1,1.2954939166666009,icecap_mountain,0.078,0.539,0.256,red_pirate,../run_exp/static/images/probes/probes-176.png,0,,6.671899708333058,
,pirate_62,,,,,,,,,810.6106781666667,1,0.9565713333331587,icecap_mountain,0.092,0.607,0.271,red_pirate,../run_exp/static/images/probes/probes-106.png,1,,6.332623375000139,
,pirate_63,,,,,,,,,816.8980179583334,1,0.8010295833332748,icecap_mountain,0.057,0.553,0.327,red_pirate,../run_exp/static/images/probes/probes-180.png,0,,6.1682915416665764,
,pirate_64,,,,,,,,,823.5326544583334,2,1.1439875416667746,icecap_mountain,0.172,0.517,0.152,white_pirate,../run_exp/static/images/probes/probes-05.png,1,,6.51937262499996,
,pirate_65,,,,,,,,,829.651613,2,0.625450125000043,icecap_mountain,0.178,0.557,0.386,white_pirate,../run_exp/static/images/probes/probes-24.png,1,,6.003900874999999,
,pirate_66,,,,,,,,,836.0496485833335,2,0.9119108749998759,icecap_mountain,0.163,0.605,0.419,white_pirate,../run_exp/static/images/probes/probes-152.png,1,,6.280855499999916,
,pirate_67,,,,,,,,,842.0331185416667,2,0.4741294583332092,icecap_mountain,0.183,0.552,0.451,white_pirate,../run_exp/static/images/probes/probes-21.png,0,,5.838360500000135,
,pirate_68,,,,,,,,,848.0275698333335,2,0.5106972083331129,icecap_mountain,0.329,0.511,0.343,white_pirate,../run_exp/static/images/probes/probes-56.png,0,,5.873025833333486,
,pirate_69,,,,,,,,,854.2042205833334,2,0.6830750833330512,icecap_mountain,0.26,0.519,0.448,white_pirate,../run_exp/static/images/probes/probes-55.png,1,,6.056690874999958,
,pirate_70,,,,,,,,,860.5887068749998,2,0.8946997083332917,icecap_mountain,0.243,0.644,0.449,white_pirate,../run_exp/static/images/probes/probes-42.png,1,,6.262978999999859,
,pirate_71,,,,,,,,,866.4467367499999,2,0.36865279166659093,icecap_mountain,0.463,0.394,0.437,white_pirate,../run_exp/static/images/probes/probes-113.png,1,,5.737551333333158,
,pirate_72,,,,,,,,,872.5695102083334,2,0.6422697500001959,icecap_mountain,0.494,0.219,0.595,white_pirate,../run_exp/static/images/probes/probes-97.png,0,,6.003124375000198,
,pirate_73,,,,,,,,,878.6587992083334,2,0.5733162500000617,icecap_mountain,0.487,0.088,0.476,white_pirate,../run_exp/static/images/probes/probes-158.png,0,,5.9400899166669205,
,pirate_74,,,,,,,,,884.6756949166668,3,0.5317678333333333,icecap_mountain,0.704,0.069,0.42,black_pirate,../run_exp/static/images/probes/probes-143.png,0,,5.896425374999808,
,pirate_75,,,,,,,,,890.5069597083334,3,0.3398624583333003,icecap_mountain,0.603,0.192,0.342,black_pirate,../run_exp/static/images/probes/probes-162.png,0,,5.710142708333251,
,pirate_76,,,,,,,,,896.5832413333335,1,0.5799839999999676,icecap_mountain,0.535,0.222,0.307,red_pirate,../run_exp/static/images/probes/probes-154.png,1,,5.952652666666609,
,pirate_77,,,,,,,,,903.0321925000001,1,0.9566687083333818,icecap_mountain,0.472,0.216,0.307,red_pirate,../run_exp/static/images/probes/probes-101.png,1,,6.322293208333804,
,pirate_78,,,,,,,,,909.1940305833334,1,0.6352076250000209,icecap_mountain,0.438,0.132,0.15,red_pirate,../run_exp/static/images/probes/probes-102.png,1,,6.009936500000094,
,pirate_79,,,,,,,,,915.3924530416668,1,0.7096565416663907,icecap_mountain,0.538,0.079,0.123,red_pirate,../run_exp/static/images/probes/probes-122.png,0,,6.074281333333147,
,pirate_80,,,,,,,,,921.6955770833335,1,0.7993412083337716,icecap_mountain,0.607,0.167,0.102,red_pirate,../run_exp/static/images/probes/probes-118.png,1,,6.177563916666713,
,pirate_81,,,,,,,,,928.26113225,1,1.063113958332906,icecap_mountain,0.624,0.122,0.258,red_pirate,../run_exp/static/images/probes/probes-31.png,1,,6.439844250000078,
,pirate_82,,,,,,,,,934.4509032916665,1,0.6888250416668598,icecap_mountain,0.625,0.181,0.3,red_pirate,../run_exp/static/images/probes/probes-149.png,1,,6.063432958333578,
,pirate_83,,,,,,,,,940.6029753333335,1,0.6509030833335601,icecap_mountain,0.742,0.056,0.369,red_pirate,../run_exp/static/images/probes/probes-48.png,1,,6.024860416666343,
,pirate_84,,,,,,,,,946.8957304583334,1,0.7616372499996942,icecap_mountain,0.607,0.065,0.311,red_pirate,../run_exp/static/images/probes/probes-130.png,1,,6.1368282083331,
,pirate_85,,,,,,,,,952.8755583333334,1,0.4824194166667439,icecap_mountain,0.492,0.056,0.288,red_pirate,../run_exp/static/images/probes/probes-66.png,0,,5.849811416666853,
,pirate_86,,,,,,,,,958.9936705833336,1,0.6115405416667272,icecap_mountain,0.656,0.067,0.213,red_pirate,../run_exp/static/images/probes/probes-11.png,1,,5.987881916666538,
,pirate_87,,,,,,,,,965.1104064999997,1,0.6187919166668507,icecap_mountain,0.686,0.061,0.137,red_pirate,../run_exp/static/images/probes/probes-114.png,0,,5.984940708333397,
,pirate_88,,,,,,,,,971.2365213749997,1,0.6244626666671138,icecap_mountain,0.63,0.144,0.212,red_pirate,../run_exp/static/images/probes/probes-160.png,0,,5.99461462499994,
,pirate_89,,,,,,,,,977.3086905833336,1,0.5385801666666339,icecap_mountain,0.645,0.148,0.239,red_pirate,../run_exp/static/images/probes/probes-71.png,1,,5.911929249999957,
,pirate_90,,,,,,,,,983.3424407499999,1,0.5383244583335909,icecap_mountain,0.586,0.139,0.237,red_pirate,../run_exp/static/images/probes/probes-121.png,1,,5.902211791667014,
,Instruction_33,,,,,,,,,986.5000928333336,,,,,,,,,,,,
,take_break,,,,,,,,,986.5001082916667,,,,,,,,,,,9.059875958333578,
,new_island,,,,,,,,,993.9384156250001,,,,,,,,,,,,
,pirate_91,,,,,,,,,1004.2454864999997,1,1.8702633749999222,driftwood_beach,0.633,0.11,0.329,red_pirate,../run_exp/static/images/probes/probes-74.png,0,,7.234381499999927,
,pirate_92,,,,,,,,,1010.4605905416668,3,0.7037336250000408,driftwood_beach,0.571,0.106,0.408,black_pirate,../run_exp/static/images/probes/probes-174.png,1,,6.073747166666635,
,pirate_93,,,,,,,,,1016.3766405416666,3,0.4212588750001487,driftwood_beach,0.601,0.146,0.476,black_pirate,../run_exp/static/images/probes/probes-28.png,0,,5.777984583333364,
,pirate_94,,,,,,,,,1022.4546832083331,3,0.55417237499978,driftwood_beach,0.535,0.188,0.438,black_pirate,../run_exp/static/images/probes/probes-04.png,1,,5.916349250000167,
,pirate_95,,,,,,,,,1028.9543168333332,3,1.005750166666985,driftwood_beach,0.602,0.05,0.448,black_pirate,../run_exp/static/images/probes/probes-111.png,0,,6.360692499999914,
,pirate_96,,,,,,,,,1034.984830208333,3,0.5374682500000745,driftwood_beach,0.559,0.198,0.376,black_pirate,../run_exp/static/images/probes/probes-50.png,0,,5.892880833333493,
,pirate_97,,,,,,,,,1040.9499277500001,2,0.46370691666697894,driftwood_beach,0.569,0.296,0.346,white_pirate,../run_exp/static/images/probes/probes-171.png,1,,5.828145874999791,
,pirate_98,,,,,,,,,1047.0598764166668,2,0.6141426250001132,driftwood_beach,0.507,0.086,0.369,white_pirate,../run_exp/static/images/probes/probes-70.png,0,,5.970293500000025,
,pirate_99,,,,,,,,,1052.9598759166663,2,0.3775067916667467,driftwood_beach,0.444,0.081,0.365,white_pirate,../run_exp/static/images/probes/probes-132.png,0,,5.733000833333335,
,pirate_100,,,,,,,,,1058.9397270416664,1,0.48175158333333457,driftwood_beach,0.513,0.118,0.342,red_pirate,../run_exp/static/images/probes/probes-142.png,0,,5.840482916666133,
,pirate_101,,,,,,,,,1064.7090433749997,2,0.27346062500009793,driftwood_beach,0.369,0.264,0.482,white_pirate,../run_exp/static/images/probes/probes-124.png,0,,5.629664208333452,
,pirate_102,,,,,,,,,1070.7788492500001,2,0.5707055833336199,driftwood_beach,0.262,0.369,0.47,white_pirate,../run_exp/static/images/probes/probes-59.png,0,,5.927933041667075,
,pirate_103,,,,,,,,,1076.8696657916664,3,0.557995916667096,driftwood_beach,0.152,0.321,0.474,black_pirate,../run_exp/static/images/probes/probes-134.png,0,,5.9188459583338044,
,pirate_104,,,,,,,,,1082.7118421666667,2,0.34174583333287956,driftwood_beach,0.141,0.104,0.497,white_pirate,../run_exp/static/images/probes/probes-144.png,0,,5.697066791667112,
,pirate_105,,,,,,,,,1088.7115181666666,1,0.49191995833325564,driftwood_beach,0.164,0.303,0.401,red_pirate,../run_exp/static/images/probes/probes-36.png,0,,5.854095583333219,
,pirate_106,,,,,,,,,1094.9918031249997,1,0.7781545416664812,driftwood_beach,0.079,0.302,0.439,red_pirate,../run_exp/static/images/probes/probes-29.png,0,,6.135365708332756,
,pirate_107,,,,,,,,,1101.4886514166662,2,0.96506887500027,driftwood_beach,0.076,0.295,0.469,white_pirate,../run_exp/static/images/probes/probes-90.png,1,,6.325723541666321,
,pirate_108,,,,,,,,,1107.5015252916662,2,0.5090565000000424,driftwood_beach,0.121,0.247,0.513,white_pirate,../run_exp/static/images/probes/probes-13.png,0,,5.868390874999932,
,pirate_109,,,,,,,,,1113.8853993750001,3,0.8715378749998308,driftwood_beach,0.239,0.328,0.637,black_pirate,../run_exp/static/images/probes/probes-60.png,1,,6.236972666666588,
,pirate_110,,,,,,,,,1119.9579546666666,3,0.5619052916672445,driftwood_beach,0.126,0.4,0.607,black_pirate,../run_exp/static/images/probes/probes-80.png,1,,5.925870208332981,
,pirate_111,,,,,,,,,1126.0706148749998,3,0.5722217083334726,driftwood_beach,0.055,0.424,0.683,black_pirate,../run_exp/static/images/probes/probes-09.png,1,,5.938215333333574,
,pirate_112,,,,,,,,,1132.2450037916662,3,0.6581771666669738,driftwood_beach,0.191,0.394,0.709,black_pirate,../run_exp/static/images/probes/probes-43.png,1,,6.027914499999952,
,pirate_113,,,,,,,,,1138.5182115416662,3,0.762118124999688,driftwood_beach,0.17,0.34,0.585,black_pirate,../run_exp/static/images/probes/probes-14.png,1,,6.124598166667056,
,pirate_114,,,,,,,,,1144.7562153749998,3,0.7318751666666685,driftwood_beach,0.078,0.452,0.572,black_pirate,../run_exp/static/images/probes/probes-67.png,0,,6.087599250000039,
,pirate_115,,,,,,,,,1150.8053353333332,3,0.5083876666662945,driftwood_beach,0.062,0.349,0.653,black_pirate,../run_exp/static/images/probes/probes-138.png,1,,5.872186875000352,
,pirate_116,,,,,,,,,1156.7398910416666,3,0.41502700000000914,driftwood_beach,0.168,0.225,0.779,black_pirate,../run_exp/static/images/probes/probes-82.png,1,,5.784995208333839,
,pirate_117,,,,,,,,,1162.8462317083333,3,0.5873737916663231,driftwood_beach,0.069,0.149,0.641,black_pirate,../run_exp/static/images/probes/probes-115.png,1,,5.954760458333112,
,pirate_118,,,,,,,,,1168.8415388333335,3,0.4761870833335706,driftwood_beach,0.093,0.311,0.55,black_pirate,../run_exp/static/images/probes/probes-88.png,1,,5.843260125000143,
,pirate_119,,,,,,,,,1175.1108820416664,3,0.7323031666669522,driftwood_beach,0.169,0.313,0.481,black_pirate,../run_exp/static/images/probes/probes-125.png,0,,6.089070333333893,
,pirate_120,,,,,,,,,1181.166406125,3,0.5364309583328577,driftwood_beach,0.073,0.388,0.596,black_pirate,../run_exp/static/images/probes/probes-135.png,1,,5.900303958333097,
,Instruction_34,,,,,,,,,1244.6231589166666,,,,,,,,,,,,
,take_break,,,,,,,,,1244.6231756249997,,,,,,,,,,,69.35706995833289,
,new_island,,,,,,,,,1252.0724266249997,,,,,,,,,,,,
,pirate_121,,,,,,,,,1262.2611535833332,2,1.7428697499999544,stonepine_forest,0.146,0.303,0.814,white_pirate,../run_exp/static/images/probes/probes-86.png,0,,7.11309833333371,
,pirate_122,,,,,,,,,1268.3936743749998,1,0.5700424999999996,stonepine_forest,0.186,0.359,0.754,red_pirate,../run_exp/static/images/probes/probes-08.png,1,,5.943198750000192,
,pirate_123,,,,,,,,,1274.4867264166662,1,0.5642812083328863,stonepine_forest,0.14,0.41,0.923,red_pirate,../run_exp/static/images/probes/probes-104.png,0,,5.932931333333272,
,pirate_124,,,,,,,,,1280.64666525,1,0.6238510833327382,stonepine_forest,0.247,0.419,0.913,red_pirate,../run_exp/static/images/probes/probes-49.png,1,,5.99865758333317,
,pirate_125,,,,,,,,,1286.626610125,1,0.45393208333325674,stonepine_forest,0.214,0.339,0.831,red_pirate,../run_exp/static/images/probes/probes-91.png,0,,5.818876374999945,
,pirate_126,,,,,,,,,1292.6070260833333,3,0.4151127083337087,stonepine_forest,0.211,0.345,0.654,black_pirate,../run_exp/static/images/probes/probes-27.png,1,,5.789166208333427,
,pirate_127,,,,,,,,,1298.56631975,3,0.43096662500011007,stonepine_forest,0.208,0.179,0.508,black_pirate,../run_exp/static/images/probes/probes-155.png,0,,5.796298916667183,
,pirate_128,,,,,,,,,1304.3617246249999,1,0.2649883333328944,stonepine_forest,0.077,0.177,0.598,red_pirate,../run_exp/static/images/probes/probes-98.png,0,,5.631015124999976,
,pirate_129,,,,,,,,,1310.3059672916663,1,0.40987295833338067,stonepine_forest,0.128,0.224,0.526,red_pirate,../run_exp/static/images/probes/probes-178.png,0,,5.780941583333515,
,pirate_130,,,,,,,,,1316.2581237083334,2,0.39707612499978495,stonepine_forest,0.234,0.323,0.562,white_pirate,../run_exp/static/images/probes/probes-94.png,0,,5.759159041667317,
,pirate_131,,,,,,,,,1322.8569787499998,3,1.0621759166670017,stonepine_forest,0.389,0.168,0.58,black_pirate,../run_exp/static/images/probes/probes-35.png,1,,6.43335500000012,
,pirate_132,,,,,,,,,1328.7880981666665,3,0.3965392916666133,stonepine_forest,0.495,0.142,0.275,black_pirate,../run_exp/static/images/probes/probes-06.png,0,,5.763906625000345,
,pirate_133,,,,,,,,,1334.8088575,3,0.4614068333335126,stonepine_forest,0.475,0.136,0.268,black_pirate,../run_exp/static/images/probes/probes-133.png,0,,5.8242368749997695,
,pirate_134,,,,,,,,,1340.8799594166665,3,0.531286166667087,stonepine_forest,0.561,0.144,0.252,black_pirate,../run_exp/static/images/probes/probes-172.png,0,,5.898916333333091,
,pirate_135,,,,,,,,,1347.0288578749999,3,0.6135114583335053,stonepine_forest,0.694,0.153,0.314,black_pirate,../run_exp/static/images/probes/probes-33.png,0,,5.979341124999792,
,pirate_136,,,,,,,,,1353.3276937083335,1,0.756345708333356,stonepine_forest,0.755,0.233,0.263,red_pirate,../run_exp/static/images/probes/probes-173.png,1,,6.128005125000072,
,pirate_137,,,,,,,,,1359.3176568333336,1,0.42503062500009037,stonepine_forest,0.75,0.28,0.29,red_pirate,../run_exp/static/images/probes/probes-76.png,0,,5.791327208333769,
,pirate_138,,,,,,,,,1365.4784739166664,1,0.6183454166662159,stonepine_forest,0.711,0.25,0.262,red_pirate,../run_exp/static/images/probes/probes-147.png,1,,5.992057166667109,
,pirate_139,,,,,,,,,1371.8046622916665,1,0.7877778333327115,stonepine_forest,0.615,0.175,0.296,red_pirate,../run_exp/static/images/probes/probes-87.png,0,,6.152900500000214,
,pirate_140,,,,,,,,,1377.7690711666662,1,0.3884801666667954,stonepine_forest,0.525,0.149,0.433,red_pirate,../run_exp/static/images/probes/probes-57.png,1,,5.7636854166667035,
,pirate_141,,,,,,,,,1383.6239100833334,1,0.31822137500012104,stonepine_forest,0.572,0.181,0.262,red_pirate,../run_exp/static/images/probes/probes-120.png,0,,5.683651833332988,
,pirate_142,,,,,,,,,1389.9060442500001,1,0.7412457083332811,stonepine_forest,0.472,0.206,0.384,red_pirate,../run_exp/static/images/probes/probes-119.png,1,,6.1098100833332865,
,pirate_143,,,,,,,,,1395.79475175,1,0.35304216666645516,stonepine_forest,0.538,0.195,0.483,red_pirate,../run_exp/static/images/probes/probes-46.png,0,,5.715172000000166,
,pirate_144,,,,,,,,,1401.6711364166665,1,0.31161887500002194,stonepine_forest,0.535,0.167,0.492,red_pirate,../run_exp/static/images/probes/probes-12.png,0,,5.674245249999785,
,time_out,,,,,,,,,1406.8526964583336,,,,,,,,,,,,
,pirate_145,,,,,,,,,1412.6159638333336,1,0.3577337499996247,stonepine_forest,0.637,0.288,0.344,red_pirate,../run_exp/static/images/probes/probes-153.png,1,,5.73296558333368,
,pirate_146,,,,,,,,,1418.4564687916666,1,0.29664591666687556,stonepine_forest,0.661,0.176,0.158,red_pirate,../run_exp/static/images/probes/probes-99.png,0,,5.664147499999672,
,pirate_147,,,,,,,,,1424.3015416249998,2,0.27701412499982325,stonepine_forest,0.508,0.221,0.153,white_pirate,../run_exp/static/images/probes/probes-131.png,0,,5.639877166666793,
,pirate_148,,,,,,,,,1430.1686136666665,2,0.32271370833313995,stonepine_forest,0.52,0.149,0.177,white_pirate,../run_exp/static/images/probes/probes-161.png,0,,5.690702708333447,
,pirate_149,,,,,,,,,1435.9854389999998,3,0.27341724999996586,stonepine_forest,0.647,0.06,0.172,black_pirate,../run_exp/static/images/probes/probes-25.png,0,,5.6399401250000665,
,pirate_150,,,,,,,,,1442.0006821250001,1,0.43535429166695394,stonepine_forest,0.568,0.222,0.175,red_pirate,../run_exp/static/images/probes/probes-150.png,1,,5.808318291666637,
,time_out,,,,,,,,,1447.1969585416666,,,,,,,,,,,,
,pirate_151,,,,,,,,,1453.2619107083335,1,0.6559999583328135,greenrock_mountain,0.517,0.1,0.311,red_pirate,../run_exp/static/images/probes/probes-62.png,1,,6.035326375000295,
,pirate_152,,,,,,,,,1459.4949834583333,1,0.6781895833332783,greenrock_mountain,0.591,0.209,0.361,red_pirate,../run_exp/static/images/probes/probes-26.png,1,,6.051157874999717,
,pirate_153,,,,,,,,,1465.817021,1,0.7396257083332785,greenrock_mountain,0.501,0.263,0.567,red_pirate,../run_exp/static/images/probes/probes-51.png,1,,6.110936791666518,
,pirate_154,,,,,,,,,1471.9534248749999,1,0.5861805416666357,greenrock_mountain,0.533,0.202,0.419,red_pirate,../run_exp/static/images/probes/probes-107.png,0,,5.952014666666855,
,pirate_155,,,,,,,,,1479.4180682916665,1,1.9117992083333775,greenrock_mountain,0.643,0.209,0.304,red_pirate,../run_exp/static/images/probes/probes-159.png,0,,7.280521000000135,
,pirate_156,,,,,,,,,1486.0043710833336,2,1.0049496250003358,greenrock_mountain,0.753,0.194,0.505,white_pirate,../run_exp/static/images/probes/probes-92.png,0,,6.371806541666956,
,pirate_157,,,,,,,,,1492.9752633749997,1,1.4171815833328765,greenrock_mountain,0.639,0.052,0.387,red_pirate,../run_exp/static/images/probes/probes-179.png,0,,6.785291041666369,
,pirate_158,,,,,,,,,1498.9092272916666,3,0.3658900416662618,greenrock_mountain,0.464,0.077,0.496,black_pirate,../run_exp/static/images/probes/probes-58.png,1,,5.745593958332847,
,pirate_159,,,,,,,,,1505.130748875,1,0.6246836250002161,greenrock_mountain,0.531,0.172,0.433,red_pirate,../run_exp/static/images/probes/probes-116.png,1,,6.0029395833335,
,pirate_160,,,,,,,,,1510.8912275416662,1,0.19834187500009648,greenrock_mountain,0.511,0.151,0.276,red_pirate,../run_exp/static/images/probes/probes-77.png,1,,5.568975833332843,
,pirate_161,,,,,,,,,1516.7759288333334,1,0.3218341666665765,greenrock_mountain,0.481,0.361,0.19,red_pirate,../run_exp/static/images/probes/probes-141.png,0,,5.687771541666734,
,pirate_162,,,,,,,,,1522.4651927500001,1,0.13240641666652664,greenrock_mountain,0.361,0.458,0.086,red_pirate,../run_exp/static/images/probes/probes-127.png,0,,5.500444833333404,
,pirate_163,,,,,,,,,1528.5726120416664,1,0.5214819583338794,greenrock_mountain,0.151,0.565,0.138,red_pirate,../run_exp/static/images/probes/probes-45.png,0,,5.888381666666646,
,pirate_164,,,,,,,,,1534.4511895416665,2,0.32018116666631613,greenrock_mountain,0.226,0.502,0.168,white_pirate,../run_exp/static/images/probes/probes-03.png,0,,5.689511375000166,
,pirate_165,,,,,,,,,1540.3374806666664,3,0.29489833333309434,greenrock_mountain,0.217,0.647,0.176,black_pirate,../run_exp/static/images/probes/probes-148.png,0,,5.663348708333615,
,pirate_166,,,,,,,,,1547.2749825833332,1,1.3790072916672216,greenrock_mountain,0.266,0.51,0.175,red_pirate,../run_exp/static/images/probes/probes-02.png,0,,6.74412541666652,
,pirate_167,,,,,,,,,1554.1510944999998,1,1.311278124999717,greenrock_mountain,0.224,0.438,0.12,red_pirate,../run_exp/static/images/probes/probes-166.png,1,,6.684846083333923,
,pirate_168,,,,,,,,,1560.7245720416665,1,0.9821125833336737,greenrock_mountain,0.222,0.59,0.092,red_pirate,../run_exp/static/images/probes/probes-105.png,0,,6.351129833332834,
,pirate_169,,,,,,,,,1566.958711125,1,0.6796081249999588,greenrock_mountain,0.294,0.788,0.135,red_pirate,../run_exp/static/images/probes/probes-22.png,0,,6.042527041667199,
,pirate_170,,,,,,,,,1572.8793977083335,2,0.35704212500013455,greenrock_mountain,0.319,0.776,0.082,white_pirate,../run_exp/static/images/probes/probes-164.png,1,,5.726188166666816,
,pirate_171,,,,,,,,,1579.369103375,2,0.9027687499997228,greenrock_mountain,0.44,0.652,0.123,white_pirate,../run_exp/static/images/probes/probes-53.png,1,,6.267279166666867,
,pirate_172,,,,,,,,,1586.0232848333333,2,1.085818458333506,greenrock_mountain,0.345,0.74,0.071,white_pirate,../run_exp/static/images/probes/probes-84.png,1,,6.460569583333836,
,pirate_173,,,,,,,,,1592.0762134166664,2,0.4924260000002505,greenrock_mountain,0.305,0.634,0.1,white_pirate,../run_exp/static/images/probes/probes-72.png,0,,5.854346208333027,
,pirate_174,,,,,,,,,1598.27251425,2,0.608578583333383,greenrock_mountain,0.191,0.516,0.092,white_pirate,../run_exp/static/images/probes/probes-23.png,0,,5.970936041666391,
,pirate_175,,,,,,,,,1604.4170497916664,2,0.5790848333335816,greenrock_mountain,0.283,0.602,0.063,white_pirate,../run_exp/static/images/probes/probes-146.png,1,,5.9486348750001525,
,pirate_176,,,,,,,,,1610.3355184166664,2,0.3270857916663772,greenrock_mountain,0.215,0.629,0.156,white_pirate,../run_exp/static/images/probes/probes-69.png,1,,5.691807833333769,
,time_out,,,,,,,,,1615.5417355416664,,,,,,,,,,,,
,pirate_177,,,,,,,,,1621.33238,2,0.39428612499978044,greenrock_mountain,0.291,0.676,0.206,white_pirate,../run_exp/static/images/probes/probes-07.png,0,,5.759988125000291,
,pirate_178,,,,,,,,,1627.5846332083336,2,0.6741303333337783,greenrock_mountain,0.228,0.681,0.202,white_pirate,../run_exp/static/images/probes/probes-151.png,1,,6.048355791666381,
,pirate_179,,,,,,,,,1634.0984476666665,3,0.9185612083333581,greenrock_mountain,0.229,0.662,0.089,black_pirate,../run_exp/static/images/probes/probes-128.png,0,,6.281523333333553,
,pirate_180,,,,,,,,,1640.0711687916667,2,0.40324016666636453,greenrock_mountain,0.368,0.646,0.06,white_pirate,../run_exp/static/images/probes/probes-16.png,1,,5.7734104999999545,
